{
    "aide": {
        "path": "plugins-dist/aide",
        "source": "https://git.spip.net/spip/aide.git",
        "branch": "3.0",
        "tag": "v3.0.5"
    },
    "archiviste": {
        "path": "plugins-dist/archiviste",
        "source": "https://git.spip.net/spip/archiviste.git",
        "branch": "2.1",
        "tag": "v2.1.4"
    },
    "bigup": {
        "path": "plugins-dist/bigup",
        "source": "https://git.spip.net/spip/bigup.git",
        "branch": "3.1",
        "tag": "v3.1.1"
    },
    "compagnon": {
        "path": "plugins-dist/compagnon",
        "source": "https://git.spip.net/spip/compagnon.git",
        "branch": "3.0",
        "tag": "v3.0.4"
    },
    "compresseur": {
        "path": "plugins-dist/compresseur",
        "source": "https://git.spip.net/spip/compresseur.git",
        "branch": "2.0",
        "tag": "v2.0.5"
    },
    "dump": {
        "path": "plugins-dist/dump",
        "source": "https://git.spip.net/spip/dump.git",
        "branch": "2.0",
        "tag": "v2.0.3"
    },
    "filtres_images": {
        "path": "plugins-dist/filtres_images",
        "source": "https://git.spip.net/spip/filtres_images.git",
        "branch": "4.0",
        "tag": "v4.0.4"
    },
    "forum": {
        "path": "plugins-dist/forum",
        "source": "https://git.spip.net/spip/forum.git",
        "branch": "3.0",
        "tag": "v3.0.4"
    },
    "mediabox": {
        "path": "plugins-dist/mediabox",
        "source": "https://git.spip.net/spip/mediabox.git",
        "branch": "3.0",
        "tag": "v3.0.4"
    },
    "medias": {
        "path": "plugins-dist/medias",
        "source": "https://git.spip.net/spip/medias.git",
        "branch": "4.0",
        "tag": "v4.0.6"
    },
    "mots": {
        "path": "plugins-dist/mots",
        "source": "https://git.spip.net/spip/mots.git",
        "branch": "4.0",
        "tag": "v4.0.3"
    },
    "plan": {
        "path": "plugins-dist/plan",
        "source": "https://git.spip.net/spip/plan.git",
        "branch": "4.0",
        "tag": "v4.0.2"
    },
    "porte_plume": {
        "path": "plugins-dist/porte_plume",
        "source": "https://git.spip.net/spip/porte_plume.git",
        "branch": "3.0",
        "tag": "v3.0.2"
    },
    "revisions": {
        "path": "plugins-dist/revisions",
        "source": "https://git.spip.net/spip/revisions.git",
        "branch": "3.0",
        "tag": "v3.0.3"
    },
    "safehtml": {
        "path": "plugins-dist/safehtml",
        "source": "https://git.spip.net/spip/safehtml.git",
        "branch": "3.0",
        "tag": "v3.0.2"
    },
    "sites": {
        "path": "plugins-dist/sites",
        "source": "https://git.spip.net/spip/sites.git",
        "branch": "4.0",
        "tag": "v4.0.4"
    },
    "statistiques": {
        "path": "plugins-dist/statistiques",
        "source": "https://git.spip.net/spip/statistiques.git",
        "branch": "3.0",
        "tag": "v3.0.4"
    },
    "svp": {
        "path": "plugins-dist/svp",
        "source": "https://git.spip.net/spip/svp.git",
        "branch": "3.0",
        "tag": "v3.0.6"
    },
    "textwheel": {
        "path": "plugins-dist/textwheel",
        "source": "https://git.spip.net/spip/textwheel.git",
        "branch": "3.0",
        "tag": "v3.0.3"
    },
    "urls_etendues": {
        "path": "plugins-dist/urls_etendues",
        "source": "https://git.spip.net/spip/urls_etendues.git",
        "branch": "4.0",
        "tag": "v4.0.3"
    },
    "dist": {
        "path": "squelettes-dist",
        "source": "https://git.spip.net/spip/dist.git",
        "branch": "4.1",
        "tag": "v4.1.2"
    }
}